Track URI,Track Name,Album Name,Artist Name(s),Release Date,Duration (ms),Popularity,Explicit,Added By,Added At,Genres,Record Label,Danceability,Energy,Key,Loudness,Mode,Speechiness,Acousticness,Instrumentalness,Liveness,Valence,Tempo,Time Signature
spotify:track:3PM1DIy4tUN0Bepsmc77g0,"Colors of the Rainbow","Visions of a New World","Lonnie Liston Smith;The Cosmic Echoes",1975-01-01,231066,34,false,31yyhx3bpqp52v3csetum4yj5c7m,2026-06-25T11:26:52Z,"jazz funk,jazz fusion,acid jazz,soul jazz,mpb","Ace Records",0.2,0.309,3,-14.013,1,0.0338,0.353,0.0000204,0.109,0.104,115.63,4
spotify:track:1bow7WUD1eRx8NSb06760w,"Quiet Dawn","Reflections of a Golden Dream","Lonnie Liston Smith;The Cosmic Echoes",1976-01-01,212066,29,false,31yyhx3bpqp52v3csetum4yj5c7m,2026-06-25T11:27:45Z,"jazz funk,jazz fusion,acid jazz,soul jazz,mpb","Ace Records",0.273,0.375,10,-15.023,0,0.0293,0.265,0.474,0.188,0.658,99.396,4
spotify:track:2fuvBYwYwZPL2U5GnqHZDq,"Inner Beauty","Reflections of a Golden Dream","Lonnie Liston Smith;The Cosmic Echoes",1976-01-01,137106,30,false,31yyhx3bpqp52v3csetum4yj5c7m,2026-06-25T11:28:04Z,"jazz funk,jazz fusion,acid jazz,soul jazz,mpb","Ace Records",0.136,0.271,8,-12.359,0,0.0332,0.68,0.41,0.104,0.0886,142.809,3
spotify:track:5mdPIskmt2f95c4OJYXN4Y,"Nascente","Nascente","Flavio Venturini",1981-03-03,254626,35,false,31yyhx3bpqp52v3csetum4yj5c7m,2026-06-25T11:28:50Z,"city pop,shibuya-kei,kayokyoku","Universal Music Ltda.",0.332,0.295,9,-10.445,0,0.0291,0.97,0.0472,0.0975,0.0956,60.466,4
spotify:track:1Ov2QxMauYfb0YUahrGqxe,"The Very Thought Of You","Yesterday's Love Songs, Today's Blues (Expanded Edition)","Nancy Wilson",1963,173960,40,false,31yyhx3bpqp52v3csetum4yj5c7m,2026-06-25T11:35:28Z,"canto jazz,jazz,ballate jazz","Blue Note Records",0.369,0.0847,3,-16.619,1,0.0361,0.92,0.00000206,0.101,0.149,80.009,5
spotify:track:6ydBBGfvHNCN5j5HP77576,"朝までいっしょに - 2017 リマスター","Kissing Fish (2017 リマスター)","Nanako Sato",1979-07-25,211186,4,false,31yyhx3bpqp52v3csetum4yj5c7m,2026-06-25T11:37:23Z,"","Nippon Columbia Co., Ltd/NIPPONOPHONE",0.553,0.28,9,-13.488,1,0.0268,0.746,0.00273,0.0994,0.3,98.402,4
spotify:track:5FEyH0dO1Y5vaCvk3hPaK1,"Calm","Odyssey Of Iska","Wayne Shorter",1971-06-01,202760,34,false,31yyhx3bpqp52v3csetum4yj5c7m,2026-06-25T11:37:28Z,"jazz fusion,jazz funk,smooth jazz,jazz","Blue Note (BLU)",0.262,0.252,7,-15.608,1,0.0369,0.936,0.0412,0.113,0.149,126.638,3
spotify:track:2aneADoAgqwNVCp4QAwjrY,"Butterfly Dreams","Children Of Forever","Stanley Clarke",1973,411293,10,false,31yyhx3bpqp52v3csetum4yj5c7m,2026-06-25T11:38:02Z,"hard bop,jazz,ballate jazz,bebop,cool jazz,free jazz,jazz fusion","Universal Music Mexico",0.45,0.376,11,-13.254,0,0.04,0.845,0.0174,0.119,0.132,81.353,4
spotify:track:30MxQ1iuWu5nYiloScCEDP,"In a Silent Way","Zawinul","Joe Zawinul;Lewis Hahn",1971,285920,31,false,31yyhx3bpqp52v3csetum4yj5c7m,2026-06-25T11:39:00Z,"jazz funk,jazz fusion,jazz,free jazz,ballate jazz","Rhino Atlantic",0.167,0.234,9,-14.887,1,0.0323,0.401,0.726,0.241,0.0892,70.11,3
